age,G2,goout,internet_yes
5.708860759493671,0.549367088607595,0.6126582278481013,0.9493670886075949
