age,G2,goout,internet_yes
-1.3273056057866184,0.028914057295136575,-0.09683544303797467,0.9493670886075949
