age,G2,goout,internet_yes
-8.621401189051031,-2.705685328806008,-2.24505281090256,0.31216766430900544
